correctness,eye_contact,posture,fluency,speech_rate,pause_count,filler_count,smile_score,head_stability,confidence_label
78,81,44,90,100,6,9,92,94,74.79
50,53,32,51,132,1,7,39,57,50.53
41,93,89,50,112,11,9,31,68,58.19
66,88,71,89,159,14,13,71,66,70.27
90,84,93,32,180,18,6,30,92,65.74
78,47,33,89,93,17,9,18,72,57.81
41,89,100,73,87,14,2,87,100,68.49
75,79,33,31,85,9,3,63,82,58.22
57,73,63,91,179,13,14,57,34,58.68
47,91,69,82,103,12,8,38,34,58.58
84,94,100,38,167,0,11,17,82,66.78
50,37,64,64,112,4,9,50,47,51.65
46,41,63,62,127,4,2,53,54,53.49
40,76,32,30,84,13,6,36,28,40.39
54,44,71,80,142,6,0,61,23,56.22
69,52,44,72,108,3,12,41,90,60.82
98,57,95,71,124,20,5,37,47,70.3
83,73,59,91,154,6,13,10,46,64.01
96,32,99,56,88,4,0,60,63,65.08
63,88,61,81,141,16,9,61,31,64.64
78,31,32,85,160,16,1,11,73,55.0
62,30,48,31,132,11,9,41,89,51.74
71,97,84,85,96,5,7,78,89,76.46
61,40,45,88,149,15,12,12,39,51.46
99,88,65,48,169,2,14,28,39,64.11
71,100,81,62,119,6,1,10,30,62.85
67,86,79,52,110,9,2,16,35,58.14
65,89,31,30,127,11,4,46,51,56.19
98,38,48,77,159,2,3,33,73,64.13
95,62,53,65,117,7,3,98,44,70.73
68,47,95,83,114,15,12,50,52,63.91
43,62,43,50,127,19,7,17,26,45.14
42,46,62,77,155,18,5,31,49,50.01
77,80,83,37,106,1,4,39,47,61.19
86,93,98,90,127,18,3,44,83,80.55
88,46,73,59,172,13,4,15,56,57.48
63,75,82,89,176,19,14,94,51,67.6
62,62,96,47,104,9,14,63,77,62.3
42,75,53,61,126,1,14,36,21,51.19
65,46,62,38,122,15,6,51,45,53.28
74,79,54,53,92,6,8,45,64,60.46
59,94,37,45,93,11,2,96,34,58.23
67,95,61,92,165,18,8,67,82,71.6
100,51,87,87,165,16,3,51,89,74.36
54,83,89,37,132,11,11,14,87,59.75
45,76,84,69,131,15,12,39,38,58.31
56,92,48,87,134,4,9,71,42,66.25
48,41,30,87,80,14,1,57,20,46.46
55,90,93,92,148,2,11,35,35,65.27
90,86,58,98,126,16,13,71,88,80.66
51,45,77,68,179,0,13,32,29,48.34
93,98,63,81,174,9,9,28,77,72.05
71,30,98,33,95,15,6,11,51,49.13
66,53,41,79,114,0,0,70,70,62.8
82,41,96,94,112,7,9,52,63,69.66
68,42,41,75,81,18,1,44,100,57.59
65,37,55,63,86,3,9,84,48,55.28
95,65,50,65,89,4,8,33,83,65.47
74,78,65,53,102,4,11,64,32,61.11
62,59,46,91,163,15,8,95,32,61.39
98,48,78,41,140,8,2,85,28,65.67
46,57,81,45,148,2,11,34,71,53.32
98,82,52,45,136,6,12,62,61,70.03
97,68,43,34,114,10,10,27,95,63.95
48,87,46,36,125,12,7,51,28,51.95
89,56,95,34,108,4,5,92,27,64.73
87,94,46,100,168,12,3,45,89,74.63
99,60,48,90,133,6,10,83,38,73.47
78,96,74,42,171,19,11,81,80,68.81
80,68,30,32,156,16,8,65,52,56.46
77,35,87,73,124,12,12,56,40,62.55
55,65,48,49,136,17,14,58,33,53.36
54,60,30,83,82,15,6,66,94,58.58
51,45,53,57,87,3,9,17,77,48.18
99,79,57,70,179,16,8,42,96,71.06
67,58,42,75,114,5,1,78,66,63.53
64,95,39,85,109,17,10,14,52,60.69
93,94,47,78,90,20,9,72,78,73.97
66,78,62,30,100,15,6,15,100,56.83
44,34,32,82,102,4,4,46,93,52.5
49,46,30,80,124,12,3,71,84,58.63
88,61,63,68,105,1,5,12,69,63.12
51,94,83,34,173,16,15,56,42,54.97
54,43,95,80,117,1,5,59,49,60.82
54,80,92,81,117,0,7,88,49,69.11
94,80,34,58,83,9,7,26,93,64.39
56,98,63,35,132,1,12,52,94,64.38
90,52,84,45,87,3,7,13,75,59.72
64,96,96,56,172,17,12,60,38,63.25
60,34,71,90,101,20,5,10,24,50.5
80,41,75,63,128,13,9,54,46,62.33
48,55,76,85,173,10,14,57,80,59.42
56,55,65,30,87,16,2,61,98,54.33
86,85,43,57,166,13,7,11,45,58.57
53,88,85,36,82,14,6,27,57,53.41
74,44,93,57,153,6,8,26,63,59.21
64,46,42,54,147,9,2,27,53,51.19
86,37,69,71,120,4,5,61,45,63.98
73,88,85,88,149,4,8,42,72,72.37
61,50,99,99,83,10,13,71,43,63.64
94,38,32,60,119,4,3,33,25,55.92
41,33,35,80,141,1,14,84,27,50.39
65,80,74,73,84,5,9,77,38,63.17
59,49,41,76,80,13,15,47,56,52.21
50,32,62,35,129,9,4,32,29,44.4
83,31,42,69,81,19,0,72,92,60.88
56,38,44,53,117,2,13,58,88,55.03
99,79,38,63,155,2,2,10,59,64.15
61,89,93,40,180,13,11,39,54,57.59
60,66,34,55,141,3,8,51,37,54.0
79,68,43,61,130,5,0,32,82,64.65
54,54,46,95,157,20,7,60,58,58.81
90,99,35,96,86,18,7,51,83,73.57
91,44,58,62,173,6,10,45,48,59.07
77,86,56,84,112,3,5,75,29,68.76
44,67,42,60,126,3,12,97,71,60.32
95,44,58,37,84,14,3,85,64,61.52
41,56,65,65,105,10,10,78,39,53.6
50,67,35,52,126,13,10,21,32,48.16
79,91,89,72,155,11,3,77,24,70.31
95,66,60,38,130,13,7,50,30,62.82
62,30,75,50,169,13,3,63,76,54.55
40,92,83,84,119,14,4,56,92,67.9
92,38,81,86,105,8,2,72,44,68.52
65,67,31,36,161,1,10,26,62,50.27
98,80,83,53,104,6,3,79,52,73.01
88,58,92,51,105,17,4,58,90,69.26
56,78,49,92,140,7,0,80,20,63.19
71,42,80,85,162,16,12,39,35,58.28
79,48,47,30,157,18,14,75,57,55.83
90,92,33,30,87,6,2,41,29,56.58
49,63,84,61,129,6,12,17,84,58.83
96,96,88,83,180,2,2,17,53,71.55
74,61,75,45,147,19,4,63,33,59.15
70,84,77,36,153,6,0,32,38,57.72
87,48,65,58,139,17,1,10,66,60.32
44,49,40,31,146,11,3,14,56,42.01
77,38,82,73,178,19,9,95,43,62.35
56,59,88,43,88,7,1,34,92,56.27
93,51,33,55,137,12,1,96,56,66.57
50,99,47,71,179,8,5,43,36,55.36
76,54,56,86,110,5,10,49,31,61.25
84,82,100,39,124,16,9,94,81,75.39
97,75,93,31,133,10,0,60,72,72.05
75,55,58,50,90,7,10,45,78,58.19
78,83,84,53,101,4,7,42,55,64.84
86,49,91,55,145,20,8,82,59,68.04
56,30,90,72,121,6,2,12,63,54.68
90,41,48,73,138,16,12,26,93,64.78
96,84,76,41,141,15,7,92,27,70.56
70,50,99,54,161,11,14,68,45,60.59
80,55,76,61,89,15,6,26,42,57.13
65,36,43,36,88,18,15,81,78,52.21
62,68,47,88,96,13,14,33,79,60.73
84,32,66,72,119,11,6,24,23,56.35
68,54,42,62,95,12,9,75,74,59.46
74,71,63,59,92,12,1,41,58,60.02
85,58,91,91,136,15,7,19,49,68.31
64,34,94,78,82,12,13,39,87,59.38
57,91,66,54,127,0,4,88,92,70.22
54,78,97,41,138,4,12,52,89,63.99
78,85,92,75,167,10,13,86,44,71.44
46,81,33,88,151,19,12,72,73,61.74
92,86,70,32,85,4,4,63,66,65.9
62,78,38,49,140,9,2,59,81,61.04
56,32,61,42,168,8,3,23,30,42.4
80,85,96,58,88,2,8,85,61,71.23
48,69,54,34,90,1,7,88,57,53.18
47,34,77,47,149,4,11,57,96,54.66
67,98,69,74,175,18,9,76,75,69.33
79,69,62,35,167,18,15,49,78,59.71
98,77,70,42,124,20,9,72,46,69.77
77,89,36,34,124,18,14,32,61,59.18
49,61,82,59,118,17,3,11,97,57.48
52,41,68,95,175,12,13,36,36,52.28
79,89,93,64,149,18,13,80,93,76.6
80,92,57,89,158,4,12,31,87,71.49
59,97,93,46,91,16,9,74,41,62.44
65,79,43,93,126,11,3,61,95,71.16
46,58,40,62,85,14,14,41,70,49.4
50,87,55,75,177,3,0,22,58,55.51
54,58,58,61,81,14,13,93,41,54.97
50,56,96,85,171,20,14,89,78,64.97
59,35,48,86,148,2,10,10,77,54.34
99,67,44,63,140,2,15,34,43,64.99
51,47,44,56,151,13,8,26,72,49.75
47,56,75,79,150,2,12,73,63,60.8
92,53,89,32,99,13,14,34,97,63.98
46,46,38,67,127,20,4,11,91,51.47
50,93,50,47,173,17,13,47,51,53.23
50,74,62,70,87,10,5,60,60,57.6
56,75,61,83,165,19,0,83,59,63.93
71,31,62,59,112,12,3,35,41,52.83
78,95,67,75,94,1,9,53,68,69.99
79,90,96,35,88,5,8,41,60,63.69
89,37,79,91,163,14,10,16,94,66.43
59,33,35,87,101,2,14,50,79,55.91
81,43,41,41,92,12,2,28,74,52.95
85,74,37,82,134,18,11,91,89,75.19
57,51,66,85,138,2,11,83,54,63.87
100,83,92,36,155,16,13,94,50,73.21
97,90,53,49,116,3,11,29,79,69.49
63,79,78,80,175,8,3,75,98,69.9
73,65,35,68,121,18,2,67,31,60.02
42,47,69,50,94,0,2,35,27,44.51
75,71,73,43,157,1,6,46,88,63.7
77,70,91,89,93,6,8,93,21,69.56
78,99,46,57,145,2,4,14,84,65.66
79,85,65,74,102,14,14,20,29,61.5
42,43,39,30,84,19,7,52,95,44.74
40,86,93,57,116,14,4,85,56,62.95
88,73,85,57,158,5,11,70,39,67.73
89,31,66,49,105,0,6,44,89,61.53
76,88,98,62,130,13,11,29,72,70.79
89,72,79,58,136,6,14,65,62,71.29
89,52,73,67,163,12,3,89,69,69.48
81,37,30,37,108,5,4,95,66,58.02
73,94,84,72,153,17,1,26,45,65.82
47,76,75,97,112,0,2,40,99,67.26
53,82,77,98,169,1,1,73,89,70.2
48,62,70,77,92,8,4,86,50,59.33
80,97,33,48,149,1,1,22,42,59.5
58,30,83,100,168,20,14,74,95,64.52
97,100,44,50,98,0,0,44,63,68.65
77,40,95,75,88,2,4,35,91,64.26
87,95,99,57,172,11,4,57,56,71.14
54,73,44,72,127,5,13,52,40,58.14
62,76,44,54,115,10,2,24,87,58.66
60,42,48,63,157,3,15,61,46,53.16
68,57,64,37,95,9,3,39,37,51.27
41,78,33,36,174,11,9,48,32,43.74
70,100,92,85,121,9,7,45,87,76.34
93,36,83,30,123,12,9,56,32,59.01
94,51,50,38,105,8,14,19,61,56.83
47,53,78,55,170,4,3,59,43,51.77
58,89,68,47,98,3,9,64,88,63.43
86,78,62,50,160,15,4,24,54,61.17
67,100,61,40,89,8,13,86,76,65.45
64,31,93,64,86,20,1,76,61,58.23
93,68,70,53,139,13,2,77,61,70.87
71,68,65,65,82,8,7,79,60,62.92
78,97,42,78,139,1,11,14,63,66.5
66,61,50,37,151,17,2,53,77,56.55
42,99,31,73,81,5,0,44,49,53.65
91,37,51,73,137,3,4,86,50,67.08
86,84,91,59,134,15,11,26,35,67.08
51,37,32,45,109,12,6,14,84,45.47
96,59,50,99,101,17,7,41,52,68.45
92,45,67,43,115,0,6,75,21,60.88
66,94,96,81,141,3,1,64,25,70.04
74,51,72,44,165,4,3,21,68,55.17
81,67,74,64,109,9,13,87,25,65.87
42,36,81,43,152,14,4,44,85,50.65
66,31,64,49,161,9,8,75,44,53.27
100,83,62,65,174,13,0,89,73,74.81
85,81,32,70,85,12,4,17,40,57.86
73,97,54,97,124,11,15,22,50,68.72
53,49,47,89,142,5,15,52,21,54.3
99,52,60,34,162,1,9,98,21,62.14
50,79,60,85,158,8,6,92,28,61.94
74,50,57,91,86,15,15,13,23,53.8
78,69,46,81,172,19,3,47,69,63.37
76,92,91,36,106,13,6,95,24,66.29
94,31,91,50,158,20,9,96,77,68.47
95,68,34,94,92,20,9,94,72,73.47
57,74,61,65,160,2,0,69,30,58.04
60,81,84,55,147,1,3,91,71,68.21
68,67,71,50,121,12,0,73,36,61.29
95,38,70,30,81,15,12,19,77,54.96
99,50,57,63,87,7,0,88,36,65.29
99,74,98,61,123,0,6,17,96,75.28
47,72,30,80,103,2,7,26,24,49.65
59,50,87,60,179,10,3,24,26,49.69
90,57,80,87,84,4,13,17,83,67.12
49,67,37,54,152,1,14,59,86,56.09
88,65,97,70,168,17,9,30,55,65.96
51,31,42,82,111,15,15,41,30,48.35
49,44,46,69,97,8,8,68,97,56.6
99,51,59,73,111,18,13,30,51,64.65
69,68,41,76,97,20,12,30,27,54.51
85,36,52,51,168,12,1,11,48,51.22
60,81,56,79,174,14,2,32,63,59.24
52,51,72,66,140,0,7,12,82,56.01
93,48,52,58,109,6,11,34,27,57.95
81,87,45,30,84,2,0,13,83,57.24
81,39,50,75,170,1,8,22,28,53.16
91,65,87,83,91,16,13,23,53,66.61
92,49,45,99,135,18,4,67,23,67.58
86,33,49,39,103,2,9,46,73,56.16
79,50,67,75,83,12,3,26,90,61.68
43,43,32,87,134,19,3,33,53,51.02
69,48,60,89,139,18,0,72,41,63.66
63,59,87,60,179,18,15,54,74,59.36
88,84,47,92,171,14,10,66,64,71.38
72,46,99,33,99,15,14,100,34,59.32
45,76,38,45,148,19,12,19,69,49.39
42,99,80,48,121,2,13,35,88,61.63
68,93,66,78,100,9,15,14,89,65.98
65,33,68,64,80,3,5,50,73,54.71
85,89,89,86,110,19,7,98,55,78.99
60,59,53,59,165,6,2,64,33,53.98
95,39,45,83,174,9,8,86,89,69.22
83,74,85,86,100,3,1,42,26,66.94
45,44,61,49,167,14,15,80,40,48.88
81,55,43,86,116,20,1,78,22,63.68
62,66,78,48,168,20,15,21,80,55.8
80,62,79,97,150,0,0,33,80,71.05
100,57,87,72,120,6,5,58,36,71.17
73,99,99,94,153,20,4,11,41,69.32
87,86,95,45,130,6,5,85,59,75.02
77,89,88,39,178,18,14,58,83,65.73
71,36,50,49,105,3,13,95,34,55.55
95,43,56,69,137,16,14,75,44,66.59
95,32,73,71,178,5,6,61,42,61.73
64,79,72,48,148,18,10,21,93,61.11
47,53,70,65,180,20,7,64,28,49.91
86,44,77,71,139,19,5,21,21,59.08
46,32,32,56,119,5,0,10,27,40.35
76,61,77,33,173,5,13,28,51,53.99
48,41,40,75,95,0,14,30,49,47.52
52,63,33,57,174,4,8,12,87,49.52
64,49,63,55,84,2,12,18,69,51.7
45,89,73,40,145,14,11,82,22,56.16
51,59,50,57,169,0,4,44,71,52.67
73,70,80,76,161,10,8,32,67,64.49
61,46,98,40,173,14,10,44,52,52.63
59,45,63,95,178,7,7,37,66,57.2
78,99,49,30,151,2,3,67,44,62.63
86,67,44,92,100,2,8,62,65,69.23
91,43,46,68,88,2,11,86,98,67.92
57,35,52,88,170,1,7,55,57,54.93
53,91,64,48,109,13,10,93,44,61.51
79,43,55,51,127,18,13,60,22,56.45
81,48,57,74,150,13,14,82,38,63.58
86,43,67,82,140,3,7,90,49,69.62
48,93,62,81,168,13,10,62,78,63.91
53,70,97,97,171,7,1,95,60,69.17
95,84,45,91,127,11,2,20,83,74.13
85,79,50,98,127,19,4,76,63,75.75
72,90,38,97,114,16,1,97,84,75.85
47,74,76,69,155,11,13,56,34,56.71
80,48,55,81,172,7,4,60,57,62.06
59,58,80,33,134,6,11,37,23,51.6
61,74,96,95,167,1,10,64,20,64.67
47,67,35,54,161,16,12,21,25,44.18
65,56,37,94,136,12,0,49,33,59.69
74,77,85,78,92,5,0,55,81,69.9
47,72,49,68,164,20,0,73,81,59.05
81,83,38,66,128,8,0,97,40,69.66
90,88,68,84,120,6,12,73,30,73.98
85,48,40,75,124,0,7,28,95,65.26
47,90,41,90,112,12,9,78,27,61.01
64,75,59,76,166,16,14,93,37,63.19
41,97,62,65,161,4,2,37,59,57.09
59,44,70,68,81,8,9,75,70,57.73
50,39,43,80,152,6,11,12,89,52.15
66,31,67,32,95,7,1,90,60,53.92
51,64,94,84,124,14,9,94,81,70.65
88,54,52,53,117,20,5,27,55,59.45
74,74,82,59,139,11,1,41,86,68.1
42,57,73,70,142,7,10,57,51,56.04
97,86,62,53,118,1,7,37,56,69.23
46,97,66,85,144,0,14,29,38,60.42
68,89,47,64,122,14,14,100,30,66.15
88,67,93,98,87,1,15,65,95,77.42
77,94,60,33,129,4,13,97,78,71.32
42,74,33,55,106,13,5,73,70,54.56
89,35,88,44,109,9,4,46,61,61.15
99,64,35,97,97,8,0,38,96,72.26
98,76,46,51,147,4,4,58,32,65.25
73,82,80,32,121,1,15,60,65,64.62
83,50,73,40,147,18,0,72,43,60.81
100,42,40,80,96,2,11,91,43,67.02
97,48,66,37,107,4,0,45,38,59.48
66,40,83,74,126,11,5,30,30,57.07
78,34,85,49,120,13,9,21,89,59.88
56,48,55,77,131,5,14,64,94,63.52
72,91,52,44,106,10,15,90,70,66.45
92,80,76,33,86,12,2,57,92,67.65
47,74,48,92,117,2,10,78,32,60.89
86,90,60,51,172,10,2,63,29,63.31
81,93,50,95,120,2,7,39,76,73.75
69,76,64,48,87,16,7,80,49,60.23
46,96,94,65,104,4,0,24,56,60.33
52,37,34,89,152,0,3,44,85,55.94
79,52,38,63,125,13,15,13,49,55.81
70,32,43,89,156,12,15,43,64,57.39
100,45,95,69,96,1,9,25,79,68.39
41,95,42,85,110,1,6,76,27,59.6
62,84,56,82,118,0,0,39,72,65.9
52,50,48,82,98,16,6,32,51,52.1
49,39,83,81,99,17,13,59,47,55.28
85,82,53,51,109,3,12,68,27,63.57
57,41,60,63,161,1,14,84,95,60.34
88,86,55,47,175,5,0,96,69,69.3
47,70,35,98,123,10,8,74,38,60.49
48,56,63,73,147,3,1,24,70,55.24
52,78,99,85,155,18,4,26,77,64.53
62,58,62,89,170,9,14,32,40,56.4
82,42,62,53,90,16,3,56,44,56.41
69,50,41,66,121,16,4,57,47,57.69
80,76,47,100,92,17,4,22,50,63.91
41,45,38,67,154,0,3,96,64,54.39
84,63,38,37,86,3,1,12,47,51.19
45,73,50,57,133,0,3,30,32,51.59
96,78,83,39,132,11,14,62,93,74.54
85,42,66,53,81,16,3,23,29,51.86
74,54,32,46,91,19,7,38,62,52.09
64,89,94,57,95,14,0,67,95,69.58
66,82,71,88,126,8,1,46,25,65.54
46,54,62,84,137,6,3,66,31,57.16
55,72,36,80,152,10,7,96,91,66.21
84,88,33,96,108,8,12,37,96,72.52
54,73,33,38,84,19,1,84,34,50.06
71,57,51,46,138,11,6,66,45,58.15
64,39,74,40,156,20,7,77,47,54.31
50,94,78,76,131,5,7,63,79,69.61
96,76,60,75,105,16,1,14,71,68.15
80,83,62,79,117,1,14,70,40,69.89
85,98,35,67,141,17,13,83,65,72.43
52,32,35,37,123,12,10,42,100,49.79
87,79,40,57,149,8,15,77,67,68.11
95,93,88,91,155,10,4,98,37,80.77
58,84,55,35,83,11,2,38,78,54.38
100,46,72,95,113,7,12,17,84,71.3
82,68,88,73,88,4,9,45,47,65.15
81,72,71,95,134,7,15,100,41,75.59
76,56,96,42,124,9,3,18,73,61.47
95,56,63,30,111,6,0,76,39,62.37
92,64,46,47,124,19,12,93,72,69.34
66,97,94,30,137,12,3,96,29,66.33
98,70,34,94,96,1,7,50,87,72.63
44,40,85,80,100,2,11,35,38,51.52
84,89,100,76,150,7,4,30,97,76.16
43,52,44,37,120,15,2,55,47,47.21
85,97,44,66,80,2,14,33,46,62.66
79,92,90,65,177,9,3,76,53,70.17
96,78,82,52,148,20,13,50,76,71.64
100,89,83,99,180,9,7,16,57,73.39
60,90,32,80,165,14,3,85,57,63.92
90,65,70,98,92,17,13,71,44,70.88
87,56,80,86,126,3,6,25,41,67.04
60,83,50,45,138,9,9,41,78,59.85
73,38,40,39,165,16,3,57,71,52.56
86,54,50,94,142,18,3,90,85,74.4
79,44,68,99,80,14,6,48,76,64.86
56,63,70,42,149,5,3,61,22,52.94
56,92,78,76,134,0,0,76,34,67.6
75,61,97,47,162,10,3,44,97,65.19
97,62,43,63,140,3,7,68,48,67.67
58,35,78,69,162,20,0,78,46,56.5
55,35,42,93,141,2,2,85,99,64.35
98,72,49,97,123,1,7,31,76,74.58
76,36,85,96,95,18,2,91,99,72.22
47,41,82,34,106,11,0,15,24,42.37
96,57,98,88,112,17,15,28,88,74.54
98,95,76,68,147,0,12,93,73,81.21
46,43,48,83,172,19,12,33,82,51.69
49,86,37,91,108,9,0,75,25,60.03
97,98,57,91,120,4,1,99,60,83.06
88,78,100,32,89,1,8,44,99,68.51
41,53,67,51,105,10,6,48,48,49.23
86,49,70,83,99,11,2,93,85,72.63
69,82,63,51,146,5,14,36,29,57.97
48,77,99,88,179,1,12,77,84,67.58
58,55,39,82,158,18,15,30,41,52.41
75,59,54,57,144,16,12,77,26,59.73
88,38,65,30,89,3,8,55,51,54.95
71,35,77,67,96,9,1,36,73,57.96
89,64,54,57,94,3,12,82,46,64.67
65,48,46,72,120,9,1,93,59,62.76
78,52,81,76,142,0,8,78,62,69.44
87,63,69,90,129,2,13,67,52,73.08
50,45,77,39,161,5,14,28,55,47.57
98,92,75,32,153,5,0,100,27,70.85
90,35,68,89,107,0,5,46,28,62.9
57,85,88,31,140,10,10,69,59,61.75
75,66,47,92,101,10,9,66,96,69.97
43,36,90,83,167,3,11,88,20,54.39
94,32,67,30,117,20,15,38,24,53.5
88,50,100,96,126,19,2,44,87,75.99
44,30,97,41,139,9,6,34,40,47.46
100,92,81,54,134,13,15,64,24,72.71
75,78,87,68,159,0,0,94,80,73.85
48,35,64,68,101,8,5,14,61,48.11
62,96,59,86,165,8,12,46,32,62.52
71,75,52,74,96,7,4,75,25,61.61
83,47,51,62,109,16,13,41,61,59.56
90,39,65,63,152,9,11,20,97,63.31
78,76,48,44,107,7,10,18,66,57.99
72,91,48,96,153,7,14,74,48,70.26
89,42,30,63,172,15,14,86,67,61.37
88,93,90,58,118,16,6,22,88,72.85
65,78,96,36,137,16,6,62,84,66.25
88,91,46,72,104,2,14,38,51,67.01
65,45,54,83,107,8,7,65,84,63.07
68,70,80,100,157,18,2,75,60,70.72
84,44,32,40,132,13,13,66,37,56.25
90,77,95,37,101,5,11,66,55,67.93
54,86,78,74,161,1,12,54,98,67.13
59,93,96,32,133,13,15,49,78,64.81
94,91,33,89,154,10,15,100,49,75.7
82,31,91,78,88,1,12,88,67,66.98
64,65,37,87,180,15,12,71,58,59.71
71,87,93,73,108,6,11,18,25,62.75
68,87,46,45,166,2,4,73,55,60.46
81,91,71,71,140,12,10,63,35,69.89
47,88,86,69,138,1,13,85,29,64.21
83,40,31,79,91,18,9,32,37,53.98
71,91,67,96,117,2,13,70,20,69.88
69,74,57,50,92,3,6,31,93,59.94
78,82,33,52,149,19,9,93,95,69.05
72,57,37,30,116,5,12,30,54,51.36
54,34,89,75,129,15,5,98,75,65.4
85,88,58,100,156,5,1,11,27,66.28
50,83,67,77,106,19,11,52,80,63.21
70,90,96,64,174,14,15,22,54,62.68
91,88,50,83,154,15,4,44,57,70.57
70,53,78,61,134,14,15,67,22,60.18
55,98,39,54,147,18,10,75,93,64.81
100,72,54,49,127,18,6,33,30,63.89
85,84,57,98,142,4,2,30,31,68.99
89,33,71,67,104,13,10,41,30,58.26
100,47,56,84,133,17,7,96,94,78.3
60,73,34,70,138,8,5,83,41,61.11
58,94,93,100,83,0,14,85,41,70.52
61,76,75,43,129,19,1,42,78,61.91
82,41,69,49,173,5,2,37,75,57.61
65,42,95,66,128,5,1,45,73,63.38
65,69,72,51,99,7,12,49,49,57.7
56,84,45,75,141,10,6,89,64,66.13
98,85,77,56,132,8,2,60,56,74.47
81,86,37,49,132,11,0,26,83,64.57
81,58,48,40,177,17,6,67,53,56.42
98,49,79,39,111,19,14,93,22,64.35
76,69,69,85,102,7,10,73,27,65.79
68,85,89,39,118,16,3,22,55,60.46
76,55,33,93,117,1,14,20,65,61.39
71,91,98,93,89,7,15,33,63,70.14
87,89,91,46,144,9,8,64,72,72.87
95,38,51,42,168,15,1,85,59,60.98
56,44,44,92,118,12,0,41,28,54.14
79,49,92,73,117,18,11,80,67,69.89
57,45,84,68,147,7,12,90,25,58.95
58,89,43,83,83,6,7,34,96,62.58
71,88,92,67,171,20,13,76,47,67.54
42,51,67,91,136,5,13,41,29,54.49
42,88,78,88,110,4,13,61,60,64.42
70,51,33,42,124,9,1,58,39,53.56
91,83,65,30,94,12,0,33,77,63.24
47,52,75,37,138,14,10,22,58,49.18
76,57,90,45,81,17,14,26,49,55.11
78,42,42,72,164,20,15,64,100,62.9
79,44,81,82,166,19,13,42,76,64.12
91,38,83,30,123,2,10,89,28,61.99
71,44,41,86,87,7,10,71,31,56.84
40,71,91,40,122,16,0,41,59,54.47
62,85,35,79,116,12,15,63,91,66.94
80,78,40,78,100,18,1,72,47,65.74
98,46,35,48,135,5,11,75,57,64.43
94,66,97,78,122,3,9,22,71,73.03
97,61,89,87,178,13,7,65,47,71.22
40,71,77,69,176,11,7,97,99,63.23
89,33,67,56,88,14,15,65,95,63.38
70,43,54,63,146,9,8,35,39,54.17
79,39,96,53,84,2,9,36,99,61.81
88,44,64,82,123,14,1,96,69,72.66
59,41,33,77,134,15,0,98,85,63.2
69,32,50,78,165,20,13,47,34,52.49
97,81,75,54,100,4,5,56,87,73.08
66,47,50,52,143,2,7,19,71,53.85
88,90,93,34,132,4,7,68,88,75.04
48,88,31,94,139,18,13,20,95,62.2
78,92,93,90,133,8,6,67,75,79.64
86,63,60,81,168,11,0,64,41,65.47
79,30,94,92,133,9,4,88,100,75.6
61,67,37,91,126,16,0,99,32,64.87
56,67,74,35,114,13,13,81,80,60.55
54,83,56,42,110,20,7,44,79,57.41
45,98,87,78,102,1,9,56,24,61.34
65,49,35,99,138,17,1,13,36,55.52
96,43,42,36,123,14,2,72,54,61.49
56,64,48,49,179,2,15,57,63,52.49
79,53,90,46,150,10,1,74,51,63.78
75,42,99,87,93,4,15,88,87,71.38
79,88,45,91,83,12,9,37,85,68.06
70,32,37,53,94,10,14,82,64,54.37
41,37,100,86,159,2,13,83,37,57.48
89,98,68,89,177,10,13,54,42,71.44
44,35,85,33,172,5,15,27,34,41.15
79,35,92,96,90,10,0,13,82,63.8
43,70,34,61,165,5,2,31,84,51.61
59,51,40,32,88,11,6,23,37,42.55
88,52,76,98,126,19,15,96,49,75.33
64,57,54,87,173,8,8,87,67,63.7
73,39,40,50,165,12,6,90,83,58.92
41,71,83,45,97,2,4,68,35,52.81
45,86,76,77,121,11,11,86,23,62.75
78,31,88,56,106,14,14,81,26,58.95
86,75,92,41,92,10,0,72,100,71.2
95,65,37,98,169,15,3,37,66,67.79
51,59,52,45,93,9,6,61,56,51.16
68,96,44,76,125,19,2,86,40,68.69
76,56,84,58,99,5,14,45,21,57.57
61,45,47,98,133,3,13,54,38,59.95
62,63,42,72,141,3,5,61,71,61.86
86,65,48,67,149,19,14,88,76,69.75
59,38,61,33,129,17,4,29,94,53.11
76,51,87,97,172,11,1,86,61,70.05
48,36,97,48,173,2,8,94,80,57.18
70,82,61,95,138,19,9,11,85,68.2
99,46,45,45,125,6,4,40,20,58.14
50,33,100,55,129,11,14,90,94,63.39
67,94,76,82,150,1,9,33,23,64.14
83,48,55,69,129,10,10,76,31,63.9
42,56,83,95,128,15,1,69,73,64.98
69,67,57,54,175,9,11,51,59,57.11
72,71,76,66,159,12,5,66,46,63.99
80,63,61,95,91,7,8,85,92,73.23
49,77,49,68,139,1,0,60,55,59.47
63,56,31,60,136,13,1,38,34,52.44
51,57,53,50,89,13,13,27,33,45.35
73,87,51,99,115,12,3,31,97,72.13
55,90,85,62,124,3,3,27,57,62.7
42,52,45,88,148,3,4,87,97,62.43
45,41,45,43,140,6,13,41,34,44.41
83,46,70,83,123,1,4,36,97,69.59
54,72,60,46,171,18,13,63,81,56.7
62,61,69,42,163,2,4,82,48,57.41
45,54,51,95,124,4,11,100,91,66.86
94,30,73,68,133,10,12,63,35,64.46
74,49,75,96,144,20,14,10,100,66.47
41,58,99,37,108,15,2,42,22,48.11
99,64,98,49,152,6,3,28,64,68.26
82,42,42,89,136,19,14,62,62,65.3
58,71,55,52,122,12,11,18,39,52.77
95,68,80,41,158,13,10,35,61,64.31
66,40,67,72,98,5,13,51,84,59.89
74,88,81,76,86,10,6,70,87,72.08
64,41,55,41,122,18,4,46,65,53.48
92,42,83,86,83,10,15,58,26,63.6
85,40,83,74,102,17,11,66,45,64.22
64,83,58,65,93,13,2,39,36,57.37
42,59,74,80,126,20,15,47,83,60.45
62,36,51,70,153,9,8,16,69,52.27
77,81,62,30,132,1,3,26,23,56.71
82,33,30,100,173,17,8,70,54,60.88
47,53,65,79,122,13,8,27,47,54.1
99,58,45,76,138,3,4,26,58,66.78
87,75,77,68,83,10,1,21,55,63.48
57,82,100,30,137,12,5,79,63,64.09
47,53,48,47,174,4,13,51,52,47.07
49,41,56,68,88,20,11,38,52,48.18
82,91,44,31,131,6,4,53,73,65.44
57,32,36,72,161,11,5,46,77,52.22
72,88,40,97,161,3,0,97,41,70.36
41,73,35,71,104,20,6,25,33,47.83
78,57,80,78,88,12,5,41,88,65.99
62,98,71,82,175,9,10,48,34,62.83
46,58,32,39,171,14,2,15,31,39.29
86,67,48,96,87,7,6,93,66,72.02
43,80,96,74,87,15,12,76,28,58.86
99,100,44,100,177,8,5,33,63,73.71
40,39,85,79,91,16,11,35,97,54.8
80,65,52,72,85,14,4,52,44,60.35
57,91,42,72,157,17,10,69,82,64.59
96,80,85,56,111,14,8,93,87,78.42
85,96,55,37,85,15,7,57,64,63.71
52,98,54,49,161,14,1,75,93,63.71
94,74,76,92,155,14,12,64,94,78.64
58,64,82,55,93,12,11,97,84,64.37
90,72,52,85,98,17,11,64,79,71.62
98,62,48,57,131,16,4,35,59,65.89
55,67,83,51,95,15,2,69,64,59.06
85,84,55,54,144,5,6,73,62,69.28
82,52,59,47,166,14,0,30,76,57.83
78,52,74,73,161,18,14,49,70,63.63
81,36,79,77,163,5,10,18,76,60.85
70,50,69,74,156,16,6,29,36,56.3
67,70,95,54,137,17,8,15,94,64.38
96,67,35,74,154,13,1,49,22,62.94
94,53,48,47,143,16,3,97,54,66.56
40,54,74,78,177,15,1,28,42,49.03
58,54,45,83,152,0,9,28,53,55.27
55,84,47,63,168,12,5,30,89,58.14
71,77,68,60,89,19,1,69,92,66.51
70,44,33,92,119,8,12,18,45,55.92
43,45,44,81,148,4,3,88,37,54.57
86,31,42,33,121,12,9,70,27,53.56
42,92,38,40,178,4,12,51,32,47.24
75,42,41,66,153,8,3,80,21,56.55
93,85,89,52,119,6,4,32,48,69.34
53,80,98,60,129,19,11,64,100,69.56
84,31,54,42,171,9,6,79,86,59.36
97,93,98,88,139,18,13,71,35,80.1
63,97,44,84,114,13,0,92,26,67.11
69,78,45,80,151,17,11,89,61,67.62
56,92,74,36,106,9,1,45,44,56.81
45,53,47,35,108,16,13,33,94,48.91
65,57,32,67,140,13,2,99,67,63.22
60,83,85,88,151,18,3,95,78,73.75
46,38,30,58,142,7,7,77,54,50.45
98,32,36,56,80,15,5,80,63,60.05
62,70,71,62,129,3,4,68,100,68.93
74,77,34,77,175,2,3,56,81,64.08
74,43,92,90,110,16,11,33,42,62.45
57,79,99,56,94,17,3,17,98,61.73
42,91,76,90,111,19,0,22,20,56.98
73,91,100,60,143,5,13,17,73,68.19
41,85,90,51,114,4,15,59,62,59.73
56,87,31,33,164,6,1,15,100,53.0
78,98,98,49,143,15,2,46,92,73.36
44,71,86,95,88,10,3,95,83,67.74
61,51,63,84,108,5,10,27,90,60.95
40,30,33,33,161,10,10,41,52,38.45
67,84,89,99,141,15,1,96,75,78.63
88,42,85,47,133,12,0,52,58,64.19
100,71,47,52,133,18,13,67,87,72.45
42,100,47,36,119,5,5,74,87,60.35
85,78,81,58,100,13,8,56,95,71.3
81,80,85,80,149,19,7,36,57,69.44
47,94,83,53,126,6,2,95,82,69.18
96,84,89,91,109,10,3,38,60,76.49
81,94,60,59,97,16,5,23,98,67.42
85,85,51,96,135,18,8,53,54,73.0
89,30,81,99,116,0,2,10,40,63.26
92,45,90,83,119,15,11,74,93,76.13
82,46,88,52,86,11,4,80,98,66.99
73,75,97,45,150,18,1,19,69,62.19
100,41,99,51,111,8,3,10,73,64.8
86,87,99,47,85,12,0,32,42,64.04
65,36,73,56,105,0,14,45,74,56.47
66,86,98,90,81,0,15,96,57,72.8
94,58,55,64,158,2,6,38,53,63.42
72,70,70,52,150,2,9,41,50,60.16
57,72,36,30,140,13,3,15,29,46.1
46,59,50,89,160,0,9,72,61,58.82
90,93,85,70,111,14,13,36,47,71.17
56,93,88,87,81,3,1,80,32,65.99
54,89,51,92,169,0,10,83,44,64.35
76,77,72,67,120,12,7,49,36,64.8
63,86,31,91,167,8,3,90,36,64.0
92,79,69,87,154,20,4,27,74,71.82
68,53,46,47,121,15,3,54,36,54.19
48,43,78,58,174,3,1,29,66,49.94
82,38,56,44,171,4,6,28,71,53.96
65,55,55,75,171,16,1,62,22,55.05
41,71,48,46,112,11,0,65,82,55.17
42,78,84,55,178,7,3,16,65,51.88
85,45,53,90,133,0,0,34,29,62.8
93,45,87,58,171,5,15,29,99,65.65
46,72,55,100,112,12,3,72,86,66.38
91,97,55,31,93,11,13,58,31,62.06
65,73,62,42,157,1,11,35,40,54.25
67,77,69,95,152,14,12,32,100,69.79
87,31,49,88,125,2,6,21,59,61.82
41,45,63,73,85,12,15,31,37,45.89
51,81,80,100,175,15,2,15,46,59.01
92,77,36,88,148,10,14,73,22,68.47
97,98,52,82,116,8,14,12,89,74.63
56,55,50,50,90,5,7,97,54,55.56
94,43,43,39,91,5,11,43,60,56.13
49,46,46,96,141,18,0,21,23,50.91
81,42,33,98,98,1,11,90,93,69.4
73,35,37,80,90,11,8,11,27,48.51
97,40,82,39,164,19,15,17,55,57.23
68,43,83,50,129,6,3,97,26,61.21
48,30,55,67,117,11,5,53,93,54.92
94,91,35,46,130,17,5,33,70,67.24
49,50,99,86,118,0,10,27,75,61.35
67,86,77,71,106,9,13,61,61,67.27
71,55,54,52,177,19,7,96,50,58.39
46,62,31,47,126,0,4,93,54,55.17
90,47,59,73,132,9,6,61,68,68.71
50,95,87,65,112,14,12,49,87,66.34
81,48,48,87,102,15,0,21,43,58.45
73,82,37,47,136,15,4,35,49,58.57
93,42,58,32,169,7,10,67,95,62.04
41,57,31,36,105,11,15,32,59,43.27
99,61,44,42,84,10,9,61,96,65.22
80,82,79,44,86,7,11,41,34,59.47
87,99,94,33,90,11,9,70,56,69.04
62,69,52,45,173,3,7,89,50,57.17
92,54,73,41,169,4,15,18,31,55.13
44,83,83,57,135,2,4,86,77,65.96
53,71,67,97,132,0,6,65,91,70.43
76,80,72,44,117,14,4,92,73,69.5
90,39,41,33,174,17,15,45,44,51.09
62,65,96,38,140,20,1,52,54,59.53
96,33,70,74,129,14,11,51,99,71.31
51,98,30,68,175,16,15,100,54,60.77
85,71,68,78,141,5,6,31,23,64.43
88,88,97,100,166,1,0,97,50,80.97
86,69,77,80,122,1,6,97,68,77.1
99,86,44,56,147,15,15,39,55,67.4
42,78,84,85,147,11,14,67,72,64.94
59,52,57,45,116,20,14,26,56,50.92
52,48,59,74,97,13,13,45,71,54.85
58,73,36,73,147,1,1,78,74,63.45
49,71,70,98,89,9,5,100,79,68.03
90,50,37,94,171,16,6,87,49,66.7
60,78,38,46,148,19,12,49,57,55.39
82,92,48,79,112,12,13,71,62,71.83
88,65,39,35,136,0,6,67,40,60.88
67,85,49,83,104,4,7,30,37,60.69
86,99,86,48,176,0,12,12,61,64.61
60,69,96,54,134,19,3,53,75,64.82
94,99,95,48,162,6,5,72,61,74.87
81,88,49,46,106,14,1,72,81,67.71
75,48,46,98,118,17,4,80,100,71.46
78,65,69,74,83,5,8,78,49,64.94
51,97,58,97,130,13,4,27,61,65.98
96,41,46,59,167,10,2,32,100,62.76
40,61,38,44,107,2,5,36,95,50.19
59,94,78,30,89,14,10,68,81,61.33
78,47,75,61,106,17,10,48,68,61.69
68,73,83,63,150,3,1,47,78,66.09
48,80,64,34,93,3,6,93,83,59.19
64,57,95,51,110,15,3,47,74,61.29
43,30,36,86,174,11,9,14,69,45.14
81,41,47,95,153,14,13,26,87,63.67
46,91,70,63,149,17,5,54,77,62.19
90,63,73,44,157,5,1,41,86,65.68
42,80,96,77,96,6,12,75,23,59.63
49,46,81,35,162,4,15,83,28,49.98
66,50,53,33,103,2,2,77,59,55.05
87,83,64,85,168,7,12,77,65,73.3
53,42,56,35,96,3,7,90,21,47.87
96,81,95,81,171,10,10,99,41,77.2
86,84,96,89,137,11,7,78,58,79.48
52,70,86,82,91,12,7,83,76,65.9
79,74,64,32,84,10,13,80,75,62.39
49,63,96,60,154,12,6,75,89,63.82
80,92,61,49,136,1,1,89,44,69.9
51,100,68,46,124,10,5,32,89,62.55
77,31,66,78,131,0,5,14,37,57.1
77,66,93,39,158,9,10,57,63,63.03
57,45,83,64,177,1,13,22,60,52.11
55,88,98,82,124,19,7,70,77,72.44
84,56,55,36,121,14,4,68,57,61.4
44,82,44,55,127,18,8,73,73,59.55
100,80,68,33,82,19,10,67,94,69.28
66,50,68,75,145,3,10,91,84,67.76
74,64,60,57,80,10,5,93,86,65.15
90,31,93,98,88,1,1,69,80,71.8
70,39,65,78,149,15,0,12,93,59.7
44,90,55,34,94,15,0,25,56,49.15
42,81,76,42,159,10,4,75,73,58.07
66,67,87,91,125,10,7,17,90,68.66
77,50,92,93,99,7,9,55,50,66.91
89,38,44,55,89,15,3,93,56,60.89
61,100,52,70,172,15,5,37,67,61.6
77,60,43,58,130,16,10,81,24,61.07
81,36,71,65,106,13,1,34,92,62.29
92,56,30,71,131,2,5,67,89,70.39
92,95,87,31,155,4,3,33,84,69.62
40,30,32,75,134,10,7,95,83,55.91
83,74,55,94,103,9,2,33,47,66.44
75,45,88,83,158,15,14,20,84,63.62
54,97,72,98,178,12,9,84,60,69.01
81,79,100,88,118,2,11,16,68,72.22
65,62,77,31,150,3,3,45,51,55.35
67,30,89,85,114,15,13,63,55,62.39
96,84,87,94,148,18,5,97,72,83.86
75,65,97,65,131,20,1,59,99,73.03
80,47,51,95,100,3,15,53,66,64.91
78,58,83,46,159,18,8,87,68,65.3
76,31,77,43,138,0,2,67,77,61.36
86,80,31,70,162,4,1,25,23,58.56
51,58,36,43,91,2,4,90,51,51.56
49,72,98,74,88,16,0,27,28,54.77
96,58,54,44,85,9,12,88,23,60.79
57,86,78,73,159,10,13,12,81,61.74
81,93,74,87,99,15,8,66,96,77.14
43,81,66,37,123,1,11,14,88,54.3
70,74,38,61,112,2,13,85,48,62.73
42,86,59,38,105,1,13,12,65,49.91
43,54,80,42,123,2,6,96,28,54.67
41,90,70,73,143,11,14,11,96,60.49
85,98,87,73,153,10,14,98,53,77.82
76,59,100,99,134,2,12,12,45,67.7
96,53,82,99,122,16,9,85,85,80.54
50,47,81,75,123,20,10,39,27,54.0
73,86,49,54,98,4,10,88,91,68.53
58,56,69,55,106,18,15,59,61,56.81
68,68,89,70,112,18,4,92,35,66.88
62,36,55,41,151,4,9,78,68,54.75
65,34,51,42,107,0,10,32,37,47.15
89,59,55,45,156,6,0,35,67,60.77
40,67,31,35,125,17,5,97,37,50.69
66,70,46,91,108,5,13,31,25,58.24
65,68,41,43,101,18,6,57,90,58.14
79,79,42,39,134,8,14,61,21,58.93
64,42,80,87,113,2,5,12,78,60.49
45,77,93,48,146,17,6,82,95,64.77
44,96,40,97,148,0,10,72,48,63.95
57,41,70,31,116,12,15,57,43,49.99
74,51,40,87,125,2,15,24,79,62.64
70,71,72,78,143,18,1,33,85,66.99
77,60,55,58,146,13,15,34,67,60.26
40,82,96,47,88,5,6,30,84,55.88
60,56,99,73,179,12,0,49,22,56.09
51,95,75,59,148,8,4,20,88,62.03
74,95,60,62,118,13,4,69,50,68.28
50,31,56,31,180,20,9,14,71,40.12
84,49,90,67,99,17,8,11,51,59.83
65,99,70,96,176,0,2,14,32,62.46
58,41,77,54,136,18,2,85,24,56.17
73,51,86,76,133,2,11,62,50,66.52
44,62,79,45,155,12,12,48,65,53.15
71,76,73,38,166,17,12,69,34,58.1
75,92,98,70,153,17,0,27,26,65.34
43,98,89,84,95,2,15,99,48,67.79
62,43,78,62,104,20,0,32,76,56.65
82,87,43,49,109,18,4,65,96,68.58
57,52,91,62,97,8,0,41,80,59.01
93,46,48,99,178,4,1,93,44,68.56
43,40,45,90,173,16,15,16,35,44.77
74,45,69,41,114,16,4,59,62,58.24
75,46,61,70,85,19,8,75,28,57.32
67,82,90,67,82,19,5,64,20,61.03
76,99,74,76,158,12,9,23,73,68.91
46,75,60,88,174,9,15,26,33,52.88
79,65,87,53,142,19,1,27,56,62.66
65,38,93,49,133,9,5,92,49,62.03
92,92,40,60,128,15,6,96,38,72.43
51,44,60,72,180,4,14,38,45,49.05
83,31,44,33,165,17,5,32,78,51.64
65,57,95,37,108,10,4,27,74,57.37
89,43,38,40,142,11,11,76,72,61.55
78,85,57,68,104,20,9,52,34,63.37
58,77,50,89,175,17,6,22,88,60.27
43,38,64,50,137,17,0,81,100,57.24
82,35,96,41,179,11,12,75,21,55.63
54,52,58,36,173,13,11,39,100,51.49
71,99,35,56,161,4,7,33,53,59.74
79,76,53,94,97,11,11,66,47,68.0
79,100,52,63,90,9,2,51,47,64.89
98,53,37,82,151,3,10,14,68,64.26
73,59,92,76,105,4,1,16,59,62.56
67,68,91,82,83,9,1,34,26,59.36
77,57,98,96,174,14,9,29,30,62.9
79,96,36,52,140,6,13,43,38,62.21
97,38,77,70,127,12,9,34,97,70.41
83,54,48,68,158,15,10,83,82,66.9
43,48,57,62,89,18,13,31,22,43.35
76,77,31,83,85,10,10,49,21,58.1
48,31,84,89,176,14,5,28,46,50.68
40,62,69,61,148,16,13,17,76,52.11
81,38,64,100,158,20,5,93,44,67.55
42,91,84,75,103,1,13,31,30,56.91
87,37,68,64,128,13,5,17,73,62.01
76,69,63,46,112,14,13,61,99,66.07
68,38,62,89,172,12,4,67,88,63.11
49,35,42,94,99,14,13,17,29,46.62
48,96,40,41,89,16,0,98,30,54.77
93,65,68,82,169,13,6,65,20,66.19
95,33,59,41,114,12,3,40,87,61.43
91,36,51,85,176,6,11,16,74,60.0
78,91,84,65,168,11,0,11,32,61.47
70,57,89,56,94,7,14,42,39,57.36
81,41,52,43,170,12,6,94,50,57.97
76,83,34,42,107,10,8,56,90,62.99
77,96,91,68,116,17,5,17,100,72.64
91,62,71,56,87,9,12,73,39,63.94
55,46,48,37,117,5,4,99,50,54.37
83,89,46,68,121,15,11,98,37,70.83
54,35,72,64,177,5,7,63,81,54.96
44,45,37,60,89,11,4,79,39,47.74
44,52,38,87,138,15,5,55,41,53.9
47,49,80,68,116,17,1,84,52,58.97
70,83,73,63,150,16,5,71,42,65.42
85,85,36,90,82,5,3,43,63,66.69
83,59,46,88,89,2,3,27,64,62.28
83,88,91,88,128,3,14,96,51,80.38
49,40,99,91,126,1,3,26,73,61.21
51,69,48,96,161,20,2,73,66,62.46
45,45,47,81,127,10,6,58,31,53.03
84,39,100,84,80,16,3,30,56,62.51
91,53,84,54,86,9,0,80,90,69.53
97,53,40,41,114,3,3,66,32,60.4
62,68,41,63,150,10,14,71,32,56.97
70,31,44,86,154,1,6,77,94,64.0
68,95,45,68,156,4,0,30,63,62.53
99,48,100,37,156,4,1,50,94,69.16
63,99,90,55,150,6,2,79,48,68.33
82,95,48,97,137,5,0,66,56,75.45
100,59,100,54,176,0,2,15,37,62.51
49,40,94,94,131,2,1,87,50,65.27
66,46,84,65,180,20,0,95,44,59.85
41,34,33,65,85,19,4,86,45,46.35
94,68,62,43,135,3,0,30,65,65.26
55,45,58,37,167,2,8,28,85,49.23
54,51,75,42,112,4,9,86,46,56.05
96,53,96,92,173,2,15,72,97,77.59
51,57,73,72,96,7,0,94,76,62.79
62,93,86,99,179,11,10,32,46,65.27
97,66,35,94,85,17,5,97,44,70.74
100,80,77,99,178,9,0,69,65,77.88
75,87,67,40,91,9,1,48,90,64.11
